2026/10/07 03:28:59.813, 0 MiB, 0 %
2026/10/07 03:29:01.822, 0 MiB, 0 %
2026/10/07 03:29:03.824, 0 MiB, 0 %
2026/10/07 03:29:05.826, 0 MiB, 0 %
2026/10/07 03:29:07.828, 0 MiB, 0 %
2026/10/07 03:29:09.828, 0 MiB, 0 %
2026/10/07 03:29:11.831, 0 MiB, 0 %
2026/10/07 03:29:13.832, 0 MiB, 0 %
2026/10/07 03:29:15.834, 0 MiB, 0 %
2026/10/07 03:29:17.837, 0 MiB, 0 %
2026/10/07 03:29:19.839, 0 MiB, 0 %
2026/10/07 03:29:21.841, 0 MiB, 0 %
2026/10/07 03:29:23.844, 0 MiB, 0 %
2026/10/07 03:29:25.846, 0 MiB, 0 %
2026/10/07 03:29:27.848, 0 MiB, 0 %
2026/10/07 03:29:29.850, 0 MiB, 0 %
2026/10/07 03:29:31.855, 0 MiB, 0 %
2026/10/07 03:29:33.858, 0 MiB, 0 %
2026/10/07 03:29:35.860, 0 MiB, 0 %
2026/10/07 03:29:37.861, 0 MiB, 0 %
2026/10/07 03:29:39.864, 0 MiB, 0 %
2026/10/07 03:29:41.865, 0 MiB, 0 %
2026/10/07 03:29:43.868, 0 MiB, 0 %
2026/10/07 03:29:45.869, 0 MiB, 0 %
2026/10/07 03:29:47.872, 0 MiB, 0 %
2026/10/07 03:29:49.874, 0 MiB, 0 %
2026/10/07 03:29:51.877, 0 MiB, 0 %
2026/10/07 03:29:53.879, 0 MiB, 0 %
2026/10/07 03:29:55.882, 0 MiB, 0 %
2026/10/07 03:29:57.883, 0 MiB, 0 %
2026/10/07 03:29:59.885, 0 MiB, 0 %
2026/10/07 03:30:01.888, 0 MiB, 0 %
2026/10/07 03:30:03.889, 4 MiB, 0 %
2026/10/07 03:30:05.929, 531 MiB, 0 %
2026/10/07 03:30:07.934, 0 MiB, 0 %
2026/10/07 03:30:09.934, 0 MiB, 0 %
2026/10/07 03:30:11.936, 0 MiB, 0 %
2026/10/07 03:30:13.938, 0 MiB, 0 %
2026/10/07 03:30:15.940, 0 MiB, 0 %
2026/10/07 03:30:17.943, 0 MiB, 0 %
2026/10/07 03:30:19.944, 0 MiB, 0 %
2026/10/07 03:30:21.947, 0 MiB, 0 %
2026/10/07 03:30:23.949, 0 MiB, 0 %
2026/10/07 03:30:25.950, 0 MiB, 0 %
2026/10/07 03:30:27.952, 0 MiB, 0 %
2026/10/07 03:30:29.955, 0 MiB, 0 %
2026/10/07 03:30:31.957, 0 MiB, 0 %
2026/10/07 03:30:33.959, 0 MiB, 0 %
2026/10/07 03:30:35.962, 0 MiB, 0 %
2026/10/07 03:30:37.963, 0 MiB, 0 %
2026/10/07 03:30:39.966, 0 MiB, 0 %
2026/10/07 03:30:41.968, 0 MiB, 0 %
2026/10/07 03:30:43.970, 0 MiB, 0 %
2026/10/07 03:30:45.972, 0 MiB, 0 %
2026/10/07 03:30:47.973, 0 MiB, 0 %
2026/10/07 03:30:49.976, 0 MiB, 0 %
2026/10/07 03:30:51.978, 0 MiB, 0 %
2026/10/07 03:30:53.979, 0 MiB, 0 %
2026/10/07 03:30:55.982, 0 MiB, 0 %
2026/10/07 03:30:57.983, 0 MiB, 0 %
2026/10/07 03:30:59.985, 0 MiB, 0 %
2026/10/07 03:31:01.988, 0 MiB, 0 %
2026/10/07 03:31:03.990, 0 MiB, 0 %
2026/10/07 03:31:05.992, 0 MiB, 0 %
2026/10/07 03:31:07.994, 0 MiB, 0 %
2026/10/07 03:31:09.996, 0 MiB, 0 %
2026/10/07 03:31:11.998, 0 MiB, 0 %
2026/10/07 03:31:14.000, 0 MiB, 0 %
2026/10/07 03:31:16.002, 0 MiB, 0 %
2026/10/07 03:31:18.004, 0 MiB, 0 %
2026/10/07 03:31:20.007, 0 MiB, 0 %
2026/10/07 03:31:22.010, 0 MiB, 0 %
2026/10/07 03:31:24.013, 0 MiB, 0 %
2026/10/07 03:31:26.014, 0 MiB, 0 %
2026/10/07 03:31:28.017, 0 MiB, 0 %
2026/10/07 03:31:30.018, 0 MiB, 0 %
2026/10/07 03:31:32.022, 0 MiB, 0 %
2026/10/07 03:31:34.023, 0 MiB, 0 %
2026/10/07 03:31:36.024, 0 MiB, 0 %
2026/10/07 03:31:38.027, 0 MiB, 0 %
2026/10/07 03:31:40.029, 0 MiB, 0 %
2026/10/07 03:31:42.030, 0 MiB, 0 %
2026/10/07 03:31:44.032, 0 MiB, 0 %
2026/10/07 03:31:46.033, 0 MiB, 0 %
2026/10/07 03:31:48.036, 0 MiB, 0 %
2026/10/07 03:31:50.038, 0 MiB, 0 %
2026/10/07 03:31:52.040, 0 MiB, 0 %
2026/10/07 03:31:54.042, 0 MiB, 0 %
2026/10/07 03:31:56.043, 0 MiB, 0 %
2026/10/07 03:31:58.045, 0 MiB, 0 %
2026/10/07 03:32:00.048, 0 MiB, 0 %
2026/10/07 03:32:02.050, 0 MiB, 0 %
2026/10/07 03:32:04.051, 0 MiB, 0 %
2026/10/07 03:32:06.054, 0 MiB, 0 %
2026/10/07 03:32:08.055, 0 MiB, 0 %
2026/10/07 03:32:10.056, 0 MiB, 0 %
2026/10/07 03:32:12.057, 0 MiB, 0 %
2026/10/07 03:32:14.058, 0 MiB, 0 %
2026/10/07 03:32:16.061, 0 MiB, 0 %
2026/10/07 03:32:18.062, 0 MiB, 0 %
2026/10/07 03:32:20.065, 0 MiB, 0 %
2026/10/07 03:32:22.068, 0 MiB, 0 %
2026/10/07 03:32:24.069, 0 MiB, 0 %
2026/10/07 03:32:26.072, 0 MiB, 0 %
2026/10/07 03:32:28.074, 0 MiB, 0 %
2026/10/07 03:32:30.076, 0 MiB, 0 %
2026/10/07 03:32:32.079, 0 MiB, 0 %
2026/10/07 03:32:34.080, 0 MiB, 0 %
2026/10/07 03:32:36.082, 0 MiB, 0 %
2026/10/07 03:32:38.084, 0 MiB, 0 %
2026/10/07 03:32:40.085, 0 MiB, 0 %
2026/10/07 03:32:42.088, 0 MiB, 0 %
2026/10/07 03:32:44.090, 4 MiB, 0 %
2026/10/07 03:32:46.092, 4 MiB, 0 %
2026/10/07 03:32:48.094, 4 MiB, 0 %
2026/10/07 03:32:50.097, 4 MiB, 0 %
2026/10/07 03:32:52.099, 4 MiB, 0 %
2026/10/07 03:32:54.102, 4 MiB, 0 %
2026/10/07 03:32:56.104, 4 MiB, 0 %
2026/10/07 03:32:58.107, 4 MiB, 0 %
2026/10/07 03:33:00.108, 4 MiB, 0 %
2026/10/07 03:33:02.112, 4 MiB, 0 %
2026/10/07 03:33:04.115, 4 MiB, 0 %
2026/10/07 03:33:06.117, 4 MiB, 0 %
2026/10/07 03:33:08.117, 4 MiB, 0 %
2026/10/07 03:33:10.118, 4 MiB, 0 %
2026/10/07 03:33:12.121, 8201 MiB, 0 %
2026/10/07 03:33:14.123, 8201 MiB, 6 %
2026/10/07 03:33:16.127, 8201 MiB, 0 %
2026/10/07 03:33:18.128, 8201 MiB, 0 %
2026/10/07 03:33:20.129, 8201 MiB, 0 %
2026/10/07 03:33:22.132, 8201 MiB, 0 %
2026/10/07 03:33:24.134, 8201 MiB, 0 %
2026/10/07 03:33:26.136, 8201 MiB, 0 %
2026/10/07 03:33:28.139, 8201 MiB, 0 %
2026/10/07 03:33:30.141, 8201 MiB, 0 %
2026/10/07 03:33:32.144, 8201 MiB, 0 %
2026/10/07 03:33:34.146, 8201 MiB, 0 %
2026/10/07 03:33:36.149, 8201 MiB, 0 %
2026/10/07 03:33:38.151, 8201 MiB, 0 %
2026/10/07 03:33:40.152, 8201 MiB, 0 %
2026/10/07 03:33:42.153, 8201 MiB, 0 %
2026/10/07 03:33:44.156, 8839 MiB, 4 %
2026/10/07 03:33:46.158, 8839 MiB, 0 %
2026/10/07 03:33:48.160, 8839 MiB, 0 %
2026/10/07 03:33:50.162, 8839 MiB, 0 %
2026/10/07 03:33:52.165, 8839 MiB, 0 %
2026/10/07 03:33:54.167, 8839 MiB, 0 %
2026/10/07 03:33:56.169, 8839 MiB, 0 %
2026/10/07 03:33:58.171, 8839 MiB, 0 %
2026/10/07 03:34:00.172, 8839 MiB, 0 %
2026/10/07 03:34:02.178, 8839 MiB, 0 %
2026/10/07 03:34:04.180, 8839 MiB, 0 %
2026/10/07 03:34:06.181, 8839 MiB, 0 %
2026/10/07 03:34:08.182, 8839 MiB, 0 %
2026/10/07 03:34:10.183, 8839 MiB, 0 %
2026/10/07 03:34:12.185, 8839 MiB, 0 %
2026/10/07 03:34:14.187, 8839 MiB, 0 %
2026/10/07 03:34:16.189, 8839 MiB, 0 %
2026/10/07 03:34:18.191, 8839 MiB, 0 %
2026/10/07 03:34:20.193, 8839 MiB, 0 %
2026/10/07 03:34:22.196, 8839 MiB, 0 %
2026/10/07 03:34:24.199, 8839 MiB, 0 %
2026/10/07 03:34:26.200, 8839 MiB, 0 %
2026/10/07 03:34:28.202, 8839 MiB, 0 %
2026/10/07 03:34:30.206, 8839 MiB, 0 %
2026/10/07 03:34:32.214, 8839 MiB, 0 %
2026/10/07 03:34:34.215, 8839 MiB, 0 %
2026/10/07 03:34:36.216, 8839 MiB, 0 %
2026/10/07 03:34:38.218, 8839 MiB, 0 %
2026/10/07 03:34:40.219, 8839 MiB, 0 %
2026/10/07 03:34:42.222, 8839 MiB, 0 %
2026/10/07 03:34:44.223, 8839 MiB, 0 %
2026/10/07 03:34:46.225, 8839 MiB, 0 %
2026/10/07 03:34:48.228, 8839 MiB, 0 %
2026/10/07 03:34:50.229, 8839 MiB, 0 %
2026/10/07 03:34:52.231, 8839 MiB, 0 %
2026/10/07 03:34:54.233, 8839 MiB, 0 %
2026/10/07 03:34:56.234, 8839 MiB, 0 %
2026/10/07 03:34:58.237, 8839 MiB, 0 %
2026/10/07 03:35:00.238, 8839 MiB, 0 %
2026/10/07 03:35:02.239, 8839 MiB, 0 %
2026/10/07 03:35:04.242, 8839 MiB, 0 %
2026/10/07 03:35:06.243, 8839 MiB, 0 %
2026/10/07 03:35:08.244, 8839 MiB, 0 %
2026/10/07 03:35:10.246, 8839 MiB, 0 %
2026/10/07 03:35:12.247, 8839 MiB, 0 %
2026/10/07 03:35:14.250, 8839 MiB, 0 %
2026/10/07 03:35:16.252, 8839 MiB, 0 %
2026/10/07 03:35:18.254, 8839 MiB, 0 %
2026/10/07 03:35:20.256, 8839 MiB, 0 %
2026/10/07 03:35:22.259, 8839 MiB, 0 %
2026/10/07 03:35:24.261, 8839 MiB, 0 %
2026/10/07 03:35:26.264, 8839 MiB, 0 %
2026/10/07 03:35:28.267, 8839 MiB, 0 %
2026/10/07 03:35:30.268, 8839 MiB, 0 %
2026/10/07 03:35:32.271, 8839 MiB, 0 %
2026/10/07 03:35:34.272, 8839 MiB, 0 %
2026/10/07 03:35:36.275, 8839 MiB, 0 %
2026/10/07 03:35:38.277, 8839 MiB, 0 %
2026/10/07 03:35:40.279, 8839 MiB, 0 %
2026/10/07 03:35:42.282, 8839 MiB, 0 %
2026/10/07 03:35:44.285, 8839 MiB, 0 %
2026/10/07 03:35:46.288, 8839 MiB, 0 %
2026/10/07 03:35:48.291, 8839 MiB, 0 %
2026/10/07 03:35:50.294, 8839 MiB, 0 %
2026/10/07 03:35:52.298, 8839 MiB, 0 %
2026/10/07 03:35:54.300, 8839 MiB, 0 %
2026/10/07 03:35:56.301, 8839 MiB, 0 %
2026/10/07 03:35:58.303, 8839 MiB, 0 %
2026/10/07 03:36:00.306, 8839 MiB, 0 %
2026/10/07 03:36:02.317, 8839 MiB, 0 %
2026/10/07 03:36:04.318, 8839 MiB, 0 %
2026/10/07 03:36:06.320, 8839 MiB, 0 %
2026/10/07 03:36:08.321, 8839 MiB, 0 %
2026/10/07 03:36:10.322, 8839 MiB, 0 %
2026/10/07 03:36:12.324, 8839 MiB, 0 %
2026/10/07 03:36:14.327, 8839 MiB, 0 %
2026/10/07 03:36:16.329, 8839 MiB, 0 %
2026/10/07 03:36:18.331, 8909 MiB, 0 %
2026/10/07 03:36:20.332, 10023 MiB, 0 %
2026/10/07 03:36:22.334, 10023 MiB, 0 %
2026/10/07 03:36:24.335, 10023 MiB, 0 %
2026/10/07 03:36:26.337, 10023 MiB, 0 %
2026/10/07 03:36:28.338, 10023 MiB, 0 %
2026/10/07 03:36:30.341, 10023 MiB, 0 %
2026/10/07 03:36:32.344, 10023 MiB, 0 %
2026/10/07 03:36:34.347, 10023 MiB, 0 %
2026/10/07 03:36:36.349, 10023 MiB, 0 %
2026/10/07 03:36:38.350, 10023 MiB, 0 %
2026/10/07 03:36:40.351, 10023 MiB, 0 %
2026/10/07 03:36:42.353, 10023 MiB, 0 %
2026/10/07 03:36:44.355, 10023 MiB, 0 %
2026/10/07 03:36:46.356, 10023 MiB, 0 %
2026/10/07 03:36:48.358, 10023 MiB, 0 %
2026/10/07 03:36:50.360, 16861 MiB, 1 %
2026/10/07 03:36:52.362, 16861 MiB, 0 %
2026/10/07 03:36:54.363, 16861 MiB, 10 %
2026/10/07 03:36:56.365, 16751 MiB, 0 %
2026/10/07 03:36:58.367, 16751 MiB, 0 %
2026/10/07 03:37:00.370, 16751 MiB, 0 %
2026/10/07 03:37:02.373, 16751 MiB, 0 %
2026/10/07 03:37:04.376, 16751 MiB, 0 %
2026/10/07 03:37:06.378, 16751 MiB, 0 %
2026/10/07 03:37:08.380, 16751 MiB, 0 %
2026/10/07 03:37:10.383, 16751 MiB, 0 %
2026/10/07 03:37:12.386, 16751 MiB, 0 %
2026/10/07 03:37:14.388, 16751 MiB, 0 %
2026/10/07 03:37:16.391, 16751 MiB, 0 %
2026/10/07 03:37:18.394, 16751 MiB, 0 %
2026/10/07 03:37:20.396, 16751 MiB, 0 %
2026/10/07 03:37:22.397, 16751 MiB, 0 %
2026/10/07 03:37:24.400, 16751 MiB, 0 %
2026/10/07 03:37:26.402, 16751 MiB, 0 %
2026/10/07 03:37:28.405, 16751 MiB, 0 %
2026/10/07 03:37:30.408, 16751 MiB, 0 %
2026/10/07 03:37:32.414, 16751 MiB, 0 %
2026/10/07 03:37:34.417, 16751 MiB, 0 %
2026/10/07 03:37:36.418, 16751 MiB, 0 %
2026/10/07 03:37:38.419, 16751 MiB, 0 %
2026/10/07 03:37:40.420, 16751 MiB, 0 %
2026/10/07 03:37:42.421, 16751 MiB, 0 %
2026/10/07 03:37:44.422, 16751 MiB, 0 %
2026/10/07 03:37:46.425, 16751 MiB, 0 %
2026/10/07 03:37:48.427, 16751 MiB, 0 %
2026/10/07 03:37:50.430, 16751 MiB, 0 %
2026/10/07 03:37:52.433, 16751 MiB, 0 %
2026/10/07 03:37:54.435, 16751 MiB, 0 %
2026/10/07 03:37:56.436, 16751 MiB, 0 %
2026/10/07 03:37:58.439, 16895 MiB, 0 %
2026/10/07 03:38:00.441, 16897 MiB, 0 %
2026/10/07 03:38:02.444, 16947 MiB, 0 %
2026/10/07 03:38:04.447, 16945 MiB, 0 %
2026/10/07 03:38:06.448, 16753 MiB, 37 %
2026/10/07 03:38:08.449, 16753 MiB, 0 %
2026/10/07 03:38:10.450, 17535 MiB, 30 %
2026/10/07 03:38:12.452, 17535 MiB, 0 %
2026/10/07 03:38:14.453, 17535 MiB, 0 %
2026/10/07 03:38:16.454, 17535 MiB, 0 %
2026/10/07 03:38:18.455, 17535 MiB, 0 %
2026/10/07 03:38:20.456, 17535 MiB, 0 %
2026/10/07 03:38:22.457, 17535 MiB, 0 %
2026/10/07 03:38:24.459, 17535 MiB, 0 %
2026/10/07 03:38:26.461, 17601 MiB, 0 %
2026/10/07 03:38:28.463, 35971 MiB, 0 %
2026/10/07 03:38:30.465, 35971 MiB, 0 %
2026/10/07 03:38:32.466, 35971 MiB, 0 %
2026/10/07 03:38:34.467, 35971 MiB, 0 %
2026/10/07 03:38:36.471, 35971 MiB, 0 %
2026/10/07 03:38:38.473, 36275 MiB, 43 %
2026/10/07 03:38:40.476, 36147 MiB, 0 %
2026/10/07 03:38:42.479, 36147 MiB, 0 %
2026/10/07 03:38:44.481, 36147 MiB, 0 %
2026/10/07 03:38:46.484, 36147 MiB, 0 %
2026/10/07 03:38:48.485, 36151 MiB, 0 %
2026/10/07 03:38:50.488, 36151 MiB, 0 %
2026/10/07 03:38:52.491, 36151 MiB, 0 %
2026/10/07 03:38:54.494, 36151 MiB, 0 %
2026/10/07 03:38:56.497, 36151 MiB, 0 %
2026/10/07 03:38:58.498, 36151 MiB, 0 %
2026/10/07 03:39:00.500, 36151 MiB, 0 %
2026/10/07 03:39:02.516, 36151 MiB, 0 %
2026/10/07 03:39:04.518, 36151 MiB, 0 %
2026/10/07 03:39:06.521, 36151 MiB, 0 %
2026/10/07 03:39:08.523, 36151 MiB, 0 %
2026/10/07 03:39:10.526, 36151 MiB, 0 %
2026/10/07 03:39:12.529, 36151 MiB, 0 %
2026/10/07 03:39:14.531, 36151 MiB, 0 %
2026/10/07 03:39:16.534, 36151 MiB, 0 %
2026/10/07 03:39:18.537, 36151 MiB, 0 %
2026/10/07 03:39:20.539, 36151 MiB, 0 %
2026/10/07 03:39:22.541, 36473 MiB, 0 %
2026/10/07 03:39:24.544, 36475 MiB, 100 %
2026/10/07 03:39:26.547, 36475 MiB, 100 %
2026/10/07 03:39:28.550, 36475 MiB, 100 %
2026/10/07 03:39:30.553, 36475 MiB, 100 %
2026/10/07 03:39:32.557, 36475 MiB, 100 %
2026/10/07 03:39:34.558, 36477 MiB, 100 %
2026/10/07 03:39:36.560, 36477 MiB, 100 %
2026/10/07 03:39:38.561, 36477 MiB, 100 %
2026/10/07 03:39:40.562, 36477 MiB, 100 %
2026/10/07 03:39:42.565, 36477 MiB, 100 %
2026/10/07 03:39:44.566, 36477 MiB, 100 %
2026/10/07 03:39:46.568, 36477 MiB, 100 %
2026/10/07 03:39:48.571, 36477 MiB, 100 %
2026/10/07 03:39:50.573, 36477 MiB, 100 %
2026/10/07 03:39:52.575, 36477 MiB, 100 %
2026/10/07 03:39:54.577, 36477 MiB, 100 %
2026/10/07 03:39:56.579, 36477 MiB, 100 %
2026/10/07 03:39:58.581, 36477 MiB, 100 %
2026/10/07 03:40:00.582, 36477 MiB, 100 %
2026/10/07 03:40:02.585, 36477 MiB, 100 %
2026/10/07 03:40:04.586, 36477 MiB, 100 %
2026/10/07 03:40:06.589, 36477 MiB, 100 %
2026/10/07 03:40:08.591, 36477 MiB, 100 %
2026/10/07 03:40:10.593, 36477 MiB, 100 %
2026/10/07 03:40:12.595, 36477 MiB, 100 %
2026/10/07 03:40:14.598, 36477 MiB, 100 %
2026/10/07 03:40:16.601, 36477 MiB, 89 %
2026/10/07 03:40:18.604, 39675 MiB, 100 %
2026/10/07 03:40:20.604, 59991 MiB, 100 %
2026/10/07 03:40:22.605, 59991 MiB, 100 %
2026/10/07 03:40:24.606, 59991 MiB, 100 %
2026/10/07 03:40:26.607, 59991 MiB, 100 %
2026/10/07 03:40:28.608, 59991 MiB, 100 %
2026/10/07 03:40:30.609, 59991 MiB, 100 %
2026/10/07 03:40:32.611, 59991 MiB, 100 %
2026/10/07 03:40:34.621, 59991 MiB, 100 %
2026/10/07 03:40:36.623, 59991 MiB, 100 %
2026/10/07 03:40:38.624, 59991 MiB, 100 %
2026/10/07 03:40:40.626, 59991 MiB, 100 %
2026/10/07 03:40:42.628, 59991 MiB, 100 %
2026/10/07 03:40:44.631, 59991 MiB, 100 %
2026/10/07 03:40:46.633, 59991 MiB, 100 %
2026/10/07 03:40:48.636, 59991 MiB, 100 %
2026/10/07 03:40:50.639, 59991 MiB, 100 %
2026/10/07 03:40:52.642, 59991 MiB, 100 %
2026/10/07 03:40:54.645, 59991 MiB, 100 %
2026/10/07 03:40:56.648, 59991 MiB, 100 %
2026/10/07 03:40:58.650, 59991 MiB, 100 %
2026/10/07 03:41:00.651, 59991 MiB, 100 %
2026/10/07 03:41:02.653, 59991 MiB, 100 %
2026/10/07 03:41:04.654, 59991 MiB, 100 %
2026/10/07 03:41:06.655, 59991 MiB, 100 %
2026/10/07 03:41:08.656, 59991 MiB, 39 %
2026/10/07 03:41:10.659, 63509 MiB, 100 %
2026/10/07 03:41:12.661, 67755 MiB, 100 %
2026/10/07 03:41:14.664, 73539 MiB, 100 %
2026/10/07 03:41:16.665, 73539 MiB, 100 %
2026/10/07 03:41:18.667, 73543 MiB, 88 %
2026/10/07 03:41:20.670, 73555 MiB, 100 %
2026/10/07 03:41:22.673, 73555 MiB, 100 %
2026/10/07 03:41:24.675, 73555 MiB, 100 %
2026/10/07 03:41:26.677, 73555 MiB, 100 %
2026/10/07 03:41:28.679, 73555 MiB, 96 %
2026/10/07 03:41:30.682, 73555 MiB, 100 %
2026/10/07 03:41:32.685, 73555 MiB, 100 %
2026/10/07 03:41:34.687, 73555 MiB, 100 %
2026/10/07 03:41:36.690, 73555 MiB, 100 %
2026/10/07 03:41:38.693, 73555 MiB, 100 %
2026/10/07 03:41:40.694, 73555 MiB, 100 %
2026/10/07 03:41:42.697, 73555 MiB, 100 %
2026/10/07 03:41:44.699, 73555 MiB, 100 %
2026/10/07 03:41:46.702, 73555 MiB, 100 %
2026/10/07 03:41:48.705, 73555 MiB, 100 %
2026/10/07 03:41:50.707, 73555 MiB, 100 %
2026/10/07 03:41:52.708, 73555 MiB, 100 %
2026/10/07 03:41:54.709, 73933 MiB, 90 %
2026/10/07 03:41:56.710, 73933 MiB, 78 %
2026/10/07 03:41:58.711, 73933 MiB, 92 %
2026/10/07 03:42:00.712, 73933 MiB, 100 %
2026/10/07 03:42:02.714, 73933 MiB, 100 %
2026/10/07 03:42:04.716, 73933 MiB, 96 %
2026/10/07 03:42:06.717, 73933 MiB, 99 %
2026/10/07 03:42:08.719, 73933 MiB, 100 %
2026/10/07 03:42:10.723, 73933 MiB, 100 %
2026/10/07 03:42:12.723, 73933 MiB, 0 %
2026/10/07 03:42:14.725, 73933 MiB, 0 %
2026/10/07 03:42:16.728, 73933 MiB, 1 %
2026/10/07 03:42:18.730, 73933 MiB, 0 %
2026/10/07 03:42:20.731, 73933 MiB, 100 %
2026/10/07 03:42:22.733, 73933 MiB, 100 %
2026/10/07 03:42:24.736, 73933 MiB, 94 %
2026/10/07 03:42:26.738, 73933 MiB, 100 %
2026/10/07 03:42:28.740, 73933 MiB, 100 %
2026/10/07 03:42:30.743, 73933 MiB, 100 %
2026/10/07 03:42:32.745, 73933 MiB, 100 %
2026/10/07 03:42:34.748, 73933 MiB, 100 %
2026/10/07 03:42:36.750, 73933 MiB, 100 %
2026/10/07 03:42:38.753, 73933 MiB, 100 %
2026/10/07 03:42:40.755, 73933 MiB, 38 %
2026/10/07 03:42:42.757, 73933 MiB, 100 %
2026/10/07 03:42:44.760, 73933 MiB, 100 %
2026/10/07 03:42:46.762, 73933 MiB, 100 %
2026/10/07 03:42:48.764, 73933 MiB, 100 %
2026/10/07 03:42:50.767, 73933 MiB, 100 %
2026/10/07 03:42:52.769, 73933 MiB, 100 %
2026/10/07 03:42:54.771, 73933 MiB, 100 %
2026/10/07 03:42:56.774, 56823 MiB, 100 %
2026/10/07 03:42:58.776, 63159 MiB, 100 %
2026/10/07 03:43:00.778, 63159 MiB, 100 %
2026/10/07 03:43:02.781, 63159 MiB, 100 %
2026/10/07 03:43:04.783, 63159 MiB, 100 %
2026/10/07 03:43:06.786, 63159 MiB, 100 %
2026/10/07 03:43:08.788, 63159 MiB, 100 %
2026/10/07 03:43:10.790, 63159 MiB, 100 %
2026/10/07 03:43:12.793, 63159 MiB, 100 %
2026/10/07 03:43:14.795, 63159 MiB, 100 %
2026/10/07 03:43:16.798, 63159 MiB, 100 %
2026/10/07 03:43:18.800, 63159 MiB, 100 %
2026/10/07 03:43:20.802, 63159 MiB, 100 %
2026/10/07 03:43:22.806, 63159 MiB, 100 %
2026/10/07 03:43:24.808, 63159 MiB, 100 %
2026/10/07 03:43:26.809, 63159 MiB, 100 %
2026/10/07 03:43:28.810, 63159 MiB, 100 %
2026/10/07 03:43:30.810, 63159 MiB, 100 %
2026/10/07 03:43:32.813, 63159 MiB, 100 %
2026/10/07 03:43:34.814, 63159 MiB, 100 %
2026/10/07 03:43:36.815, 63159 MiB, 100 %
2026/10/07 03:43:38.816, 63159 MiB, 100 %
2026/10/07 03:43:40.817, 63159 MiB, 100 %
2026/10/07 03:43:42.818, 63159 MiB, 100 %
2026/10/07 03:43:44.819, 63159 MiB, 100 %
2026/10/07 03:43:46.820, 63159 MiB, 100 %
2026/10/07 03:43:48.822, 63159 MiB, 100 %
2026/10/07 03:43:50.823, 68865 MiB, 100 %
2026/10/07 03:43:52.824, 69117 MiB, 100 %
2026/10/07 03:43:54.827, 75421 MiB, 100 %
2026/10/07 03:43:56.828, 75421 MiB, 100 %
2026/10/07 03:43:58.831, 75421 MiB, 100 %
2026/10/07 03:44:00.834, 75421 MiB, 100 %
2026/10/07 03:44:02.837, 75421 MiB, 100 %
2026/10/07 03:44:04.840, 75421 MiB, 100 %
2026/10/07 03:44:06.841, 75421 MiB, 100 %
2026/10/07 03:44:08.842, 75421 MiB, 100 %
2026/10/07 03:44:10.844, 75421 MiB, 100 %
2026/10/07 03:44:12.846, 75421 MiB, 96 %
2026/10/07 03:44:14.848, 75421 MiB, 100 %
2026/10/07 03:44:16.850, 75421 MiB, 100 %
2026/10/07 03:44:18.852, 75421 MiB, 97 %
2026/10/07 03:44:20.855, 75421 MiB, 91 %
2026/10/07 03:44:22.857, 75421 MiB, 100 %
2026/10/07 03:44:24.860, 75421 MiB, 100 %
2026/10/07 03:44:26.862, 75421 MiB, 100 %
2026/10/07 03:44:28.863, 75421 MiB, 100 %
2026/10/07 03:44:30.865, 75421 MiB, 99 %
2026/10/07 03:44:32.868, 75421 MiB, 100 %
2026/10/07 03:44:34.870, 75421 MiB, 100 %
2026/10/07 03:44:36.873, 75421 MiB, 100 %
2026/10/07 03:44:38.876, 75421 MiB, 99 %
2026/10/07 03:44:40.878, 75421 MiB, 100 %
2026/10/07 03:44:42.880, 75421 MiB, 100 %
2026/10/07 03:44:44.882, 75421 MiB, 71 %
2026/10/07 03:44:46.885, 75421 MiB, 100 %
2026/10/07 03:44:48.887, 75421 MiB, 100 %
2026/10/07 03:44:50.889, 75421 MiB, 100 %
2026/10/07 03:44:52.892, 75421 MiB, 100 %
2026/10/07 03:44:54.894, 75421 MiB, 100 %
2026/10/07 03:44:56.895, 75421 MiB, 73 %
2026/10/07 03:44:58.898, 75421 MiB, 100 %
2026/10/07 03:45:00.900, 75421 MiB, 100 %
2026/10/07 03:45:02.910, 75421 MiB, 100 %
2026/10/07 03:45:04.915, 75949 MiB, 100 %
2026/10/07 03:45:06.916, 75421 MiB, 0 %
2026/10/07 03:45:09.224, 75421 MiB, 1 %
2026/10/07 03:45:11.225, 75421 MiB, 0 %
2026/10/07 03:45:13.225, 75421 MiB, 0 %
2026/10/07 03:45:15.226, 0 MiB, 0 %
